04	30 DÍAS · 1 IA
06	¿QUIÉN? ¿POR QUÉ? ¿CUÁNDO?
08	REGALO · RELAX
10	TEST A/B
11	A) Velas 100 % soja\nB) Tu baño del domingo merece esto
12	NO VENDAS VELAS.\nVENDE LA CALMA.
15	LA IA RESPONDE · TÚ SUPERVISAS
17	"¿Esto lo ha escrito un robot?"
19	GUÍA DE MARCA = EL ADN DE TU IA
20	5 SUPERPODERES
21	1 · FOTOS SIN ESTUDIO
22	2 · FOTO → VÍDEO
23	3 · MULTIDIOMA
24	4 · EL MOMENTO JUSTO
25	5 · PERSONALIZACIÓN
28	LA IA NO TE REEMPLAZA.\nTE REEMPLAZA QUIEN SEPA USARLA.
29	ESCUCHA · PRUEBA · GUÍA · SUPERVISA
