img	01	20260929_223213_0673540b-dad9-4f1f-8d24-2c4638066a51.png
img	02	20260929_223211_452f2753-bd67-44ae-a9f0-afa92f07c95a.png
img	03	20260929_223211_8a0a7101-3ea8-4cac-863c-9ed28f06635d.png
img	04	20260929_223211_d7ab579f-6e2e-463c-8642-b83a68534a1b.png
img	05	20260929_223211_4f015356-8407-4fc7-880f-63fe8647bb0c.png
img	06	20260929_223212_c32f81c9-432c-4862-96e4-1f71b87262ce.png
img	07	20260929_223211_8b47f77a-9b53-49c1-b132-00e37a49e3af.png
img	08	20260929_223211_e4d5dd49-2d20-4d9e-a560-00257289aeb4.png
img	09	20260929_223211_676b8d76-b7e6-4065-b648-bf0c72db0497.png
img	10	20260929_223211_d5f90db7-148f-4db9-afaf-74d42f99879e.png
img	11	20260929_223211_69f5e3c2-90c2-494f-afc4-326bd2b11f1d.png
img	12	20260929_223211_bdbce08a-ae43-4246-9af0-bf2def1b8335.png
img	13	20260929_223236_853b86d5-6789-44ea-ac17-f64a9cc61d8f.png
img	14	20260929_223238_2d1620fd-5a5d-4bae-a591-cd6068d272b8.png
img	15	20260929_223236_17878b5d-341e-4b22-9f4f-8383c03fc1ab.png
img	16	20260929_223236_a5d7e58f-6c7a-4c5e-954a-69d706f6f738.png
img	17	20260929_223236_ec019009-2485-4e82-820a-1e7fcf3cce98.png
img	18	20260929_223237_462d38a5-e03b-485f-bd59-982b13d0019b.png
img	19	20260929_223237_be4efd78-bee9-4b01-ba79-93f628f0ee60.png
img	20	20260929_223236_73691045-7c82-45e7-bf73-6b8885b31b42.png
img	21	20260929_223237_183dcf93-3583-4f54-94d7-3753f0280d1a.png
img	22	20260929_223236_71921fbe-12c5-48ad-aa5e-5c808b251fc3.png
img	23	20260929_223236_c6d13b61-3352-4dd4-bd4f-ace565f5bb12.png
img	24	20260929_223236_19336eb6-2866-4305-8246-ad21d0f4841b.png
img	25	20260929_223252_52c79218-b060-462f-b716-b96f9dc4a10d.png
img	26	20260929_223252_f511ec0a-843d-4556-a625-99fbc04526b2.png
img	27	20260929_223253_95668d79-b1e0-475c-9c87-405ca8f47e66.png
img	28	20260929_223253_92d77d3f-a469-44e3-bc71-ef40088f4696.png
img	29	20260929_223252_056dd1f6-6ef7-409b-b086-051d066bea6f.png
img	30	20260929_223252_783b36d7-6ffe-483b-8e65-f2ba9c360aa1.png
vo	01	20260929_223300_44422566-a087-4743-963c-6b38c3bfbc96.mp3
vo	02	20260929_223354_599eda35-faa2-4e94-8547-2fe96c419d9c.mp3
vo	03	20260929_223354_eb47984e-6744-43cf-990c-8c6ee604ef3a.mp3
vo	04	20260929_223354_964a0fa1-28c1-49c8-9e00-ecfc1f4caa79.mp3
vo	05	20260929_223354_efa38555-04a2-42d4-ae8e-92646c6f90dd.mp3
vo	06	20260929_223354_d3c70ac4-0d83-44df-886f-c0eb8856d958.mp3
vo	07	20260929_223354_c24bb6a3-e5df-4126-8c36-18b17694efcc.mp3
vo	08	20260929_223354_7f2d4180-c84c-4b5f-ae00-2a62b4f3f1f4.mp3
vo	09	20260929_223354_bf44ce51-96b5-4da4-9ccd-a028359970e5.mp3
vo	10	20260929_223354_283b9d63-6b29-41d1-ace7-b1de1a3139ca.mp3
vo	11	20260929_223354_19e9059e-1730-4e0a-b97d-40045143ebbb.mp3
vo	12	20260929_223354_d7663d0c-a790-4dbe-9799-433e90ecb078.mp3
vo	13	20260929_223354_45c541e3-a78c-4bb1-9f10-7273ea684950.mp3
vo	14	20260929_223413_5935ead7-d5ef-43e2-9435-50fb9498f45e.mp3
vo	15	20260929_223413_e7ab0d03-22a3-4ef0-9453-9a63de6372bb.mp3
vo	16	20260929_224205_361e78ae-8b2d-4c5b-8b37-461baa1e76b5.mp3
vo	17	20260929_223413_31d5aa48-85a0-4045-b6d0-246519dc4964.mp3
vo	18	20260929_223413_55e846e2-ff95-406f-b589-49f18cbca51a.mp3
vo	19	20260929_223413_2edb79a2-e52b-4c27-9d48-fda0d1125f81.mp3
vo	20	20260929_223413_51b348f5-5d60-49c4-a5e1-2b8612c88a65.mp3
vo	21	20260929_223413_de7572f8-aa60-4599-942a-6748a5bcbef0.mp3
vo	22	20260929_223413_edf7b157-13fd-4ce2-8ff1-8810cdbdb1e7.mp3
vo	23	20260929_223412_29ef5e94-f2f7-4f43-969a-ee44bc4e2584.mp3
vo	24	20260929_223413_b35f93cd-7330-4b58-bd4f-559dbeb67164.mp3
vo	25	20260929_224206_9d45d47d-ed72-4d46-bb10-10d063e45ccb.mp3
vo	26	20260929_223426_24bdee36-e7b2-4881-9862-b2a7e62294f1.mp3
vo	27	20260929_223454_eb5c2f63-4225-463d-8503-ab26cc625ca2.mp3
vo	28	20260929_223454_0f142e9e-a70a-42d8-bf4b-3a0265c89932.mp3
vo	29	20260929_223453_6f462c2d-fa05-409b-af6b-88c6cdaeab16.mp3
vo	30	20260929_223427_443bd8f6-64ba-4b67-95b9-1fc31acfd02b.mp3
ai	01	20260929_223444_caf3ed29-dec2-409a-a7a9-d637a6328fec.mp4
ai	16	20260929_223443_d48c5460-9a5c-40d5-bf10-054ac999bc40.mp4
ai	26	20260929_223944_82e71fd0-6763-49eb-bf6a-1fef35f6ad7b.mp4
